"lang_id","code","name","percent","official"
1,"AFG","Dari",50,true
2,"AFG","Pashto",35,true
3,"AFG","Turkic",11,false
4,"AFG","Other",4,false
5,"ALB","Albanian",98.8,true
6,"ALB","Greek",0.5,false
7,"ALB","Other",0.6,false
8,"ALB","unspecified",0.1,false
9,"DZA","Arabic",null,true
10,"DZA","French",null,false
11,"DZA","Berber or Tamazight",null,true
12,"DZA","Shawiya",null,false
13,"DZA","Mzab",null,false
14,"DZA","Tuareg",null,false
15,"ASM","Samoan",88.6,false
16,"ASM","English",3.9,false
17,"ASM","Tongan",2.7,false
18,"ASM","Other",3,false
19,"ASM","Other",1.8,false
20,"AND","Catalan",null,true
21,"AND","French",null,false
22,"AND","Castilian",null,false
23,"AND","Portuguese",null,false
24,"AGO","Portuguese",71.2,true
25,"AGO","Umbundu",23,false
26,"AGO","Kikongo",8.2,false
27,"AGO","Kimbundu",7.8,false
28,"AGO","Chokwe",6.5,false
29,"AGO","Nhaneca",3.4,false
30,"AGO","Nganguela",3.1,false
31,"AGO","Fiote",2.4,false
32,"AGO","Kwanhama",2.3,false
33,"AGO","Muhumbi",2.1,false
34,"AGO","Luvale",1,false
35,"AGO","Other",3.6,false
36,"AIA","English",null,true
37,"ATG","English",null,true
38,"ATG","Antiguan creole",null,false
39,"ARG","Spanish",null,true
40,"ARG","Italian",null,false
41,"ARG","English",null,false
42,"ARG","German",null,false
43,"ARG","French",null,false
44,"ARG","indigenous",null,false
45,"ARM","Armenian",97.9,true
46,"ARM","Kurdish",1,false
47,"ARM","Other",1,false
48,"ABW","Papiamento",69.4,true
49,"ABW","Spanish",13.7,false
50,"ABW","English",7.1,false
51,"ABW","Dutch",6.1,true
52,"ABW","Chinese",1.5,false
53,"ABW","Other",1.7,false
54,"ABW","unspecified",0.4,false
55,"AUS","English",76.8,false
56,"AUS","Mandarin",1.6,false
57,"AUS","Italian",1.4,false
58,"AUS","Arabic",1.3,false
59,"AUS","Greek",1.2,false
60,"AUS","Cantonese",1.2,false
61,"AUS","Vietnamese",1.1,false
62,"AUS","Other",10.4,false
63,"AUS","unspecified",5,false
64,"AUT","German",88.6,true
65,"AUT","Turkish",2.3,false
66,"AUT","Serbian",2.2,false
67,"AUT","Croatian",1.6,true
68,"AUT","Other",5.3,false
69,"AZE","Azerbaijani",92.5,true
70,"AZE","Russian",1.4,false
71,"AZE","Armenian",1.4,false
72,"AZE","Other",4.7,false
73,"BHS","English",null,true
74,"BHS","Creole",null,false
75,"BHR","Arabic",null,true
76,"BHR","English",null,false
77,"BHR","Farsi",null,false
78,"BHR","Urdu",null,false
79,"BGD","Bangla",98.8,true
80,"BGD","Other",1.2,false
81,"BRB","English",null,true
82,"BRB","Bajan",null,false
83,"BLR","Russian",70.2,true
84,"BLR","Belarusian",23.4,true
85,"BLR","Other",3.1,false
86,"BLR","unspecified",3.3,false
87,"BEL","Dutch",60,true
88,"BEL","French",40,true
89,"BEL","German",1,true
90,"BLZ","English",62.9,true
91,"BLZ","Spanish",56.6,false
92,"BLZ","Creole",44.6,false
93,"BLZ","Maya",10.5,false
94,"BLZ","German",3.2,false
95,"BLZ","Garifuna",2.9,false
96,"BLZ","Other",1.8,false
97,"BLZ","unknown",0.3,false
98,"BLZ","none",0.2,false
99,"BEN","French",null,true
100,"BEN","Fon and Yoruba",null,false
101,"BEN","Tribal Languages",null,false
102,"BMU","English",null,true
103,"BMU","Portuguese",null,false
104,"BTN","Sharchhopka",28,false
105,"BTN","Dzongkha",24,true
106,"BTN","Lhotshamkha",22,false
107,"BTN","Other",26,false
108,"BOL","Spanish",60.7,true
109,"BOL","Quechua",21.2,true
110,"BOL","Aymara",14.6,true
111,"BOL","Foreign Languages",2.4,false
112,"BOL","Guarani",0.6,true
113,"BOL","Other",0.4,false
114,"BOL","none",0.1,false
115,"BIH","Bosnian",52.9,true
116,"BIH","Serbian",30.8,true
117,"BIH","Croatian",14.6,true
118,"BIH","Other",1.6,false
119,"BIH","No Answer",0.2,false
120,"BWA","Setswana",77.3,false
121,"BWA","Sekalanga",7.4,false
122,"BWA","Shekgalagadi",3.4,false
123,"BWA","English",2.8,true
124,"BWA","Zezuru",2,false
125,"BWA","Sesarwa",1.7,false
126,"BWA","Sembukushu",1.6,false
127,"BWA","Ndebele",1,false
128,"BWA","Other",2.8,false
129,"BRA","Portuguese",null,true
130,"BRN","Malay",null,true
131,"BRN","English",null,false
132,"BRN","Chinese",null,false
133,"BGR","Bulgarian",76.8,true
134,"BGR","Turkish",8.2,false
135,"BGR","Romani",3.8,false
136,"BGR","Other",0.7,false
137,"BGR","unspecified",10.5,false
138,"BFA","French",null,true
139,"BFA","Sudanic family",90,false
140,"MMR","Burmese",null,true
141,"BDI","Kirundi",38.8,true
142,"BDI","French",0.3,true
143,"BDI","Swahili",0.2,false
144,"BDI","English",0.06,true
145,"BDI","Other",3.7,false
146,"BDI","unspecified",56.9,false
147,"KHM","Khmer",96.3,true
148,"KHM","Other",3.7,false
149,"CMR","Other",null,false
150,"CMR","English",null,true
151,"CMR","French",null,true
152,"CAN","English",58.7,true
153,"CAN","French",22,true
154,"CAN","Punjabi",1.4,false
155,"CAN","Italian",1.3,false
156,"CAN","Spanish",1.3,false
157,"CAN","German",1.3,false
158,"CAN","Cantonese",1.2,false
159,"CAN","Tagalog",1.2,false
160,"CAN","Arabic",1.1,false
161,"CAN","Other",10.5,false
162,"CYM","English",90.9,true
163,"CYM","Spanish",4,false
164,"CYM","Filipino",3.3,false
165,"CYM","Other",1.7,false
166,"CYM","unspecified",0.1,false
167,"CAF","French",null,true
168,"CAF","Sangho",null,false
169,"CAF","tribal",null,false
170,"TCD","French",null,true
171,"TCD","Arabic",null,true
172,"TCD","Sara",null,false
173,"TCD","Other",null,false
174,"CHL","Spanish",99.5,true
175,"CHL","English",10.2,false
176,"CHL","indigenous",1,false
177,"CHL","Other",2.3,false
178,"CHL","unspecified",0.2,false
179,"CHN","Mandarin",null,true
180,"CHN","Yue",null,false
181,"CHN","Wu",null,false
182,"CHN","Minbei",null,false
183,"CHN","Minnan",null,false
184,"CHN","Xiang",null,false
185,"CHN","Gan",null,false
186,"CHN","Hakka",null,false
187,"CHN","Other",null,false
188,"CXR","English",null,true
189,"CXR","Chinese",null,false
190,"CXR","Malay",null,false
191,"CCK","Malay",null,false
192,"CCK","English",null,false
193,"COL","Spanish",null,true
194,"COM","Arabic",null,true
195,"COM","French",null,true
196,"COM","Shikomoro",null,true
197,"COD","French",null,true
198,"COD","Lingala",null,false
199,"COD","Kingwana",null,false
200,"COD","Kikongo",null,false
201,"COD","Tshiluba",null,false
202,"COG","French",null,true
203,"COG","Lingala",null,false
204,"COG","Other",null,false
205,"COK","English",86.4,true
206,"COK","Rarotongan",76.2,true
207,"COK","Other",8.3,false
208,"CRI","Spanish",null,true
209,"CRI","English",null,false
210,"CIV","French",null,true
211,"CIV","Other",null,false
212,"HRV","Croatian",95.6,true
213,"HRV","Serbian",1.2,false
214,"HRV","Other",3,false
215,"HRV","unspecified",0.2,false
216,"CUB","Spanish",null,true
217,"CYP","Greek",80.9,true
218,"CYP","Turkish",0.2,true
219,"CYP","English",4.1,false
220,"CYP","Romanian",2.9,false
221,"CYP","Russian",2.5,false
222,"CYP","Bulgarian",2.2,false
223,"CYP","Arabic",1.2,false
224,"CYP","Filipino",1.1,false
225,"CYP","Other",4.3,false
226,"CYP","unspecified",0.6,false
227,"DNK","Danish",null,false
228,"DNK","Faroese",null,false
229,"DNK","Greenlandic",null,false
230,"DNK","German",null,false
231,"DJI","French",null,true
232,"DJI","Arabic",null,true
233,"DJI","Somali",null,false
234,"DJI","Afar",null,false
235,"DMA","English",null,true
236,"DMA","French patois",null,false
237,"DOM","Spanish",null,true
238,"ECU","Spanish",93,true
239,"ECU","Quechua",4.1,false
240,"ECU","Other",0.7,false
241,"ECU","foreign",2.2,false
242,"EGY","Arabic",null,true
243,"EGY","English",null,false
244,"SLV","Spanish",null,true
245,"SLV","Nawat",null,false
246,"GNQ","Spanish",67.6,true
247,"GNQ","Other",null,true
248,"GNQ","Fang",null,false
249,"GNQ","Bubi",32.4,false
250,"ERI","Tigrinya",null,true
251,"ERI","Arabic",null,true
252,"ERI","English",null,true
253,"ERI","Tigre",null,false
254,"ERI","Kunama",null,false
255,"ERI","Afar",null,false
256,"ERI","Other",null,false
257,"EST","Estonian",68.5,true
258,"EST","Russian",29.6,false
259,"EST","Ukrainian",0.6,false
260,"EST","Other",1.2,false
261,"EST","unspecified",0.1,false
262,"ETH","Oromo",33.8,true
263,"ETH","Amharic",29.3,true
264,"ETH","Somali",6.2,true
265,"ETH","Tigrigna",5.9,true
266,"ETH","Sidamo",4,false
267,"ETH","Wolaytta",2.2,false
268,"ETH","Gurage",2,false
269,"ETH","Afar",1.7,true
270,"ETH","Hadiyya",1.7,false
271,"ETH","Gamo",1.5,false
272,"ETH","Gedeo",1.3,false
273,"ETH","Opuuo",1.2,false
274,"ETH","Kafa",1.1,false
275,"ETH","Other",8.1,false
276,"ETH","English",null,false
277,"ETH","Arabic",null,false
278,"FRO","Faroese",93.8,false
279,"FRO","Danish",3.2,false
280,"FRO","Other",3,false
281,"FIN","Finnish",88.3,true
282,"FIN","Swedish",5.3,true
283,"FIN","Russian",1.4,false
284,"FIN","Other",5,false
285,"FRA","French",100,true
286,"FRA","Provencal",null,false
287,"FRA","Breton",null,false
288,"FRA","Alsatian",null,false
289,"FRA","Corsican",null,false
290,"FRA","Catalan",null,false
291,"FRA","Basque",null,false
292,"FRA","Flemish",null,false
293,"FRA","Occitan",null,false
294,"FRA","Picard",null,false
295,"FRA","French",null,false
296,"FRA","Creole patois",null,false
297,"FRA","Mahorian",null,false
298,"PYF","French",70,true
299,"PYF","Polynesian",28.2,true
300,"PYF","Other",1.8,false
301,"GAB","French",null,true
302,"GAB","Fang",null,false
303,"GAB","Myene",null,false
304,"GAB","Nzebi",null,false
305,"GAB","Bapounou/Eschira",null,false
306,"GAB","Bandjabi",null,false
307,"GMB","English",null,true
308,"GMB","Mandinka",null,false
309,"GMB","Wolof",null,false
310,"GMB","Fula",null,false
311,"GMB","Other",null,false
312,"GEO","Georgian",87.6,true
313,"GEO","Azeri",6.2,false
314,"GEO","Armenian",3.9,false
315,"GEO","Russian",1.2,false
316,"GEO","Other",1,false
317,"DEU","German",null,true
318,"GHA","Asante",16,false
319,"GHA","Ewe",14,false
320,"GHA","Fante",11.6,false
321,"GHA","Boron",4.9,false
322,"GHA","Dagomba",4.4,false
323,"GHA","Dangme",4.2,false
324,"GHA","Dagarte",3.9,false
325,"GHA","Kokomba",3.5,false
326,"GHA","Akyem",3.2,false
327,"GHA","Ga",3.1,false
328,"GHA","Other",31.2,false
329,"GIB","English",null,true
330,"GIB","Spanish",null,false
331,"GIB","Italian",null,false
332,"GIB","Portuguese",null,false
333,"GRC","Greek",99,true
334,"GRC","Other",1,false
335,"GRL","Greenlandic",null,true
336,"GRL","Danish",null,true
337,"GRL","English",null,false
338,"GRD","English",null,true
339,"GRD","French patois",null,false
340,"GUM","English",43.6,false
341,"GUM","Filipino",21.2,false
342,"GUM","Chamorro",17.8,false
343,"GUM","Other Pacific Islander",10,false
344,"GUM","Asian",6.3,false
345,"GUM","Other",1.1,false
346,"GTM","Spanish",60,true
347,"GTM","Amerindian",40,false
348,"GIN","French",null,true
349,"GNB","Crioulo",null,false
350,"GNB","Portuguese",null,true
351,"GNB","Pular",null,false
352,"GNB","Mandingo",null,false
353,"GUY","English",null,true
354,"GUY","Guyanese Creole",null,false
355,"GUY","Amerindian",null,false
356,"GUY","Indian",null,false
357,"GUY","Chinese",null,false
358,"HTI","French",null,true
359,"HTI","Creole",null,true
360,"HND","Spanish",null,true
361,"HND","Amerindian",null,false
362,"HKG","Cantonese",89.5,true
363,"HKG","English",3.5,true
364,"HKG","Mandarin",1.4,true
365,"HKG","Other Chinese",4,false
366,"HKG","Other",1.6,false
367,"HUN","Hungarian",99.6,true
368,"HUN","English",16,false
369,"HUN","German",11.2,false
370,"HUN","Russian",1.6,false
371,"HUN","Romanian",1.3,false
372,"HUN","French",1.2,false
373,"HUN","Other",4.2,false
374,"ISL","Icelandic",null,false
375,"ISL","English",null,false
376,"ISL","Nordic",null,false
377,"ISL","German",null,false
378,"IND","Hindi",41,false
379,"IND","Bengali",8.1,false
380,"IND","Telugu",7.2,false
381,"IND","Marathi",7,false
382,"IND","Tamil",5.9,false
383,"IND","Urdu",5,false
384,"IND","Gujarati",4.5,false
385,"IND","Kannada",3.7,false
386,"IND","Malayalam",3.2,false
387,"IND","Oriya",3.2,false
388,"IND","Punjabi",2.8,false
389,"IND","Assamese",1.3,false
390,"IND","Maithili",1.2,false
391,"IND","Other",5.9,false
392,"IDN","Bahasa",null,true
393,"IDN","English",null,false
394,"IDN","Dutch",null,false
395,"IDN","Other",null,false
396,"IRN","Persian",null,true
397,"IRN","Turkic",null,false
398,"IRN","Kurdish",null,false
399,"IRN","Gilaki and Mazandarani",null,false
400,"IRN","Luri",null,false
401,"IRN","Balochi",null,false
402,"IRN","Arabic",null,false
403,"IRN","Other",null,false
404,"IRQ","Arabic",null,true
405,"IRQ","Kurdish",null,true
406,"IRQ","Turkmen",null,false
407,"IRQ","Syriac",null,true
408,"IRQ","Armenian",null,true
409,"IRL","English",61.3,true
410,"IRL","Irish",38.7,true
411,"ISR","Hebrew",null,true
412,"ISR","Arabic",null,true
413,"ISR","English",null,false
414,"ITA","Italian",null,true
415,"ITA","German",null,false
416,"ITA","French",null,false
417,"ITA","Slovene",null,false
418,"JAM","English",null,false
419,"JAM","English patois",null,false
420,"JPN","Japanese",null,false
421,"JOR","Arabic",null,true
422,"JOR","English",null,false
423,"KAZ","Kazakh",74,true
424,"KAZ","Russian",94.4,true
425,"KEN","English",null,true
426,"KEN","Kiswahili",null,true
427,"KEN","Other",null,false
428,"KIR","Kiribati",null,false
429,"KIR","English",null,true
430,"PRK","Korean",null,false
431,"KOR","Korean",null,false
432,"KOR","English",null,false
433,"KWT","Arabic",null,true
434,"KWT","English",null,false
435,"KGZ","Kyrgyz",71.4,true
436,"KGZ","Uzbek",14.4,false
437,"KGZ","Russian",9,true
438,"KGZ","Other",5.2,false
439,"LAO","Lao",null,true
440,"LAO","French",null,false
441,"LAO","English",null,false
442,"LAO","Other",null,false
443,"LVA","Latvian",56.3,true
444,"LVA","Russian",33.8,false
445,"LVA","Other",0.6,false
446,"LVA","unspecified",9.4,false
447,"LBN","Arabic",null,true
448,"LBN","French",null,false
449,"LBN","English",null,false
450,"LBN","Armenian",null,false
451,"LSO","Sesotho",null,true
452,"LSO","English",null,true
453,"LSO","Zulu",null,false
454,"LSO","Xhosa",null,false
455,"LBR","English",20,true
456,"LBR","Other",null,false
457,"LBY","Arabic",null,true
458,"LBY","Italian",null,false
459,"LBY","English",null,false
460,"LBY","Berber",null,false
461,"LIE","German",94.5,true
462,"LIE","Italian",1.1,false
463,"LIE","Other",4.3,false
464,"LTU","Lithuanian",82,true
465,"LTU","Russian",8,false
466,"LTU","Polish",5.6,false
467,"LTU","Other",0.9,false
468,"LTU","unspecified",3.5,false
469,"LUX","Luxembourgish",88.8,true
470,"LUX","French",4.2,true
471,"LUX","Portuguese",2.3,false
472,"LUX","German",1.1,true
473,"LUX","Other",3.5,false
474,"MKD","Macedonian",66.5,true
475,"MKD","Albanian",25.1,false
476,"MKD","Turkish",3.5,false
477,"MKD","Romani",1.9,false
478,"MKD","Serbian",1.2,false
479,"MKD","Other",1.8,false
480,"MDG","French",null,true
481,"MDG","Malagasy",null,true
482,"MDG","English",null,false
483,"MWI","English",null,true
484,"MWI","Chichewa",null,false
485,"MWI","Chinyanja",null,false
486,"MWI","Chiyao",null,false
487,"MWI","Chitumbuka",null,false
488,"MWI","Chilomwe",null,false
489,"MWI","Chinkhonde",null,false
490,"MWI","Chingoni",null,false
491,"MWI","Chisena",null,false
492,"MWI","Chitonga",null,false
493,"MWI","Chinyakyusa",null,false
494,"MWI","Chilambya",null,false
495,"MYS","Bahasa Malaysia",null,true
496,"MYS","English",null,false
497,"MYS","Chinese",null,false
498,"MYS","Tamil",null,false
499,"MYS","Telugu",null,false
500,"MYS","Malayalam",null,false
501,"MYS","Panjabi",null,false
502,"MYS","Thai",null,false
503,"MDV","Dhivehi",null,true
504,"MDV","English",null,true
505,"MLI","French",null,true
506,"MLI","Bambara",46.3,false
507,"MLI","Peul/Foulfoulbe",9.4,false
508,"MLI","Dogon",7.2,false
509,"MLI","Maraka/Soninke",6.4,false
510,"MLI","Malinke",5.6,false
511,"MLI","Sonrhai/Djerma",5.6,false
512,"MLI","Minianka",4.3,false
513,"MLI","Tamacheq",3.5,false
514,"MLI","Senoufo",2.6,false
515,"MLI","Bobo",2.1,false
516,"MLI","unspecified",0.7,false
517,"MLI","Other",6.3,false
518,"MLT","Maltese",90.1,true
519,"MLT","English",6,true
520,"MLT","multilingual",3,false
521,"MLT","Other",0.9,false
522,"MHL","Marshallese",98.2,true
523,"MHL","Other",1.8,false
524,"MRT","Arabic",null,true
525,"MRT","Pular",null,false
526,"MRT","Soninke",null,false
527,"MRT","Wolof",null,false
528,"MRT","French",null,false
529,"MUS","Creole",86.5,false
530,"MUS","Bhojpuri",5.3,false
531,"MUS","French",4.1,false
532,"MUS","Other",2.6,false
533,"MUS","unspecified",0.1,false
534,"MEX","Spanish",92.7,false
535,"MEX","indigenous",0.8,false
536,"MEX","unspecified",0.8,false
537,"FSM","English",null,true
538,"FSM","Chuukese",null,false
539,"FSM","Kosrean",null,false
540,"FSM","Pohnpeian",null,false
541,"FSM","Yapese",null,false
542,"FSM","Ulithian",null,false
543,"FSM","Woleaian",null,false
544,"FSM","Nukuoro",null,false
545,"FSM","Kapingamarangi",null,false
546,"MDA","Romanian",80.2,true
547,"MDA","Russian",9.7,false
548,"MDA","Gagauz",4.2,false
549,"MDA","Ukrainian",3.9,false
550,"MDA","Bulgarian",1.5,false
551,"MDA","Romani",0.3,false
552,"MDA","Other",0.2,false
553,"MCO","French",null,true
554,"MCO","English",null,false
555,"MCO","Italian",null,false
556,"MCO","Monegasque",null,false
557,"MNG","Mongolian",90,true
558,"MNG","Turkic",null,false
559,"MNG","Russian",null,false
560,"MSR","English",null,false
561,"MAR","Arabic",null,true
562,"MAR","Berber",null,true
563,"MAR","Tachelhit",null,false
564,"MAR","Tarifit",null,false
565,"MAR","French",null,false
566,"MAR","government",null,false
567,"MAR","and",null,false
568,"MOZ","Emakhuwa",25.3,false
569,"MOZ","Portuguese",10.7,true
570,"MOZ","Xichangana",10.3,false
571,"MOZ","Cisena",7.5,false
572,"MOZ","Elomwe",7,false
573,"MOZ","Echuwabo",5.1,false
574,"MOZ","Other",30.4,false
575,"MOZ","unspecified",3.7,false
576,"NAM","Oshivambo",48.9,false
577,"NAM","Nama",11.3,false
578,"NAM","Afrikaans",10.4,false
579,"NAM","Otjiherero",8.6,false
580,"NAM","Kavango",8.5,false
581,"NAM","Caprivi",4.8,false
582,"NAM","English",3.4,true
583,"NAM","Other",2.3,false
584,"NAM","Other",1.7,false
585,"NRU","Nauruan",93,true
586,"NRU","English",2,false
587,"NRU","Other",5,false
588,"NPL","Nepali",44.6,true
589,"NPL","Maithali",11.7,false
590,"NPL","Bhojpuri",6,false
591,"NPL","Tharu",5.8,false
592,"NPL","Tamang",5.1,false
593,"NPL","Newar",3.2,false
594,"NPL","Magar",3,false
595,"NPL","Bajjika",3,false
596,"NPL","Urdu",2.6,false
597,"NPL","Avadhi",1.9,false
598,"NPL","Limbu",1.3,false
599,"NPL","Gurung",1.2,false
600,"NPL","Other",10.4,false
601,"NPL","unspecified",0.2,false
602,"NLD","Dutch",null,true
603,"NCL","French",null,true
604,"NCL","Other",null,false
605,"NZL","English",89.8,true
606,"NZL","Maori",3.5,true
607,"NZL","Samoan",2,false
608,"NZL","Hindi",1.6,false
609,"NZL","French",1.2,false
610,"NZL","Northern Chinese",1.2,false
611,"NZL","Yue",1,false
612,"NZL","Other",20.5,false
613,"NZL","New Zealand Sign",null,true
614,"NIC","Spanish",95.3,true
615,"NIC","Miskito",2.2,false
616,"NIC","Mestizo",2,false
617,"NIC","Other",0.5,false
618,"NER","French",null,true
619,"NER","Hausa",null,false
620,"NER","Djerma",null,false
621,"NGA","English",null,true
622,"NGA","Hausa",null,false
623,"NGA","Yoruba",null,false
624,"NGA","Igbo",null,false
625,"NGA","Fulani",null,false
626,"NGA","Other",null,false
627,"NIU","Niuean",46,true
628,"NIU","Niuean",32,false
629,"NIU","English",11,true
630,"NIU","Niuean",5,false
631,"NIU","Other",6,false
632,"NFK","English",67.6,true
633,"NFK","Other",32.4,false
634,"MNP","Philippine",32.8,false
635,"MNP","Chamorro",24.1,true
636,"MNP","English",17,true
637,"MNP","Other Pacific Island",10.1,false
638,"MNP","Chinese",6.8,false
639,"MNP","Other Asian",7.3,false
640,"MNP","Other",1.9,false
641,"NOR","Bokmal",null,true
642,"NOR","Nynorsk",null,true
643,"NOR","Other",null,false
644,"OMN","Arabic",null,true
645,"OMN","English",null,false
646,"OMN","Baluchi",null,false
647,"OMN","Urdu",null,false
648,"OMN","Indian",null,false
649,"PAK","Punjabi",48,false
650,"PAK","Sindhi",12,false
651,"PAK","Saraiki",10,false
652,"PAK","Pashto",8,false
653,"PAK","Urdu",8,true
654,"PAK","Balochi",3,false
655,"PAK","Hindko",2,false
656,"PAK","Brahui",1,false
657,"PAK","English",null,true
658,"PAK","Burushaski",null,false
659,"PAK","Other",null,false
660,"PLW","Palauan",65.2,true
661,"PLW","Other",1.9,false
662,"PLW","English",19.1,true
663,"PLW","Filipino",9.9,false
664,"PLW","Chinese",1.2,false
665,"PLW","Other",2.8,false
666,"PAN","Spanish",null,true
667,"PAN","indigenous",null,false
668,"PAN","Panamanian English Creole",null,false
669,"PAN","English",null,false
670,"PAN","Chinese",null,false
671,"PAN","Arabic",null,false
672,"PAN","French",null,false
673,"PAN","Other",null,false
674,"PAN","Hebrew",null,false
675,"PAN","Korean",null,false
676,"PAN","Japanese",null,false
677,"PNG","Tok Pisin",null,true
678,"PNG","English",null,true
679,"PNG","Hiri",null,true
680,"PNG","Other",null,false
681,"PRY","Spanish",null,true
682,"PRY","Guarani",null,true
683,"PER","Spanish",84.1,true
684,"PER","Quechua",13,true
685,"PER","Aymara",1.7,true
686,"PER","Ashaninka",0.3,false
687,"PER","Other Native",0.7,false
688,"PER","Other",0.2,false
689,"PHL","Filipino",null,true
690,"PHL","English",null,true
691,"PHL","Other",null,false
692,"POL","Polish",98.2,true
693,"POL","Silesian",1.4,false
694,"POL","Other",1.1,false
695,"POL","unspecified",1.3,false
696,"PRT","Portuguese",null,true
697,"PRT","Mirandese",null,true
698,"PRI","Spanish",null,false
699,"PRI","English",null,false
700,"QAT","Arabic",null,true
701,"QAT","English",null,false
702,"ROM","Romanian",85.4,true
703,"ROM","Hungarian",6.3,false
704,"ROM","Romani",1.2,false
705,"ROM","Other",1,false
706,"ROM","unspecified",6.1,false
707,"RUS","Russian",85.7,true
708,"RUS","Tatar",3.2,false
709,"RUS","Chechen",1,false
710,"RUS","Other",10.1,false
711,"RWA","Kinyarwanda",99.4,true
712,"RWA","French",0.1,true
713,"RWA","English",0.1,true
714,"RWA","Swahili",0.02,false
715,"RWA","Other",0.03,false
716,"RWA","unspecified",0.3,false
717,"KNA","English",null,true
718,"LCA","English",null,true
719,"LCA","French patois",null,false
720,"SPM","French",null,true
721,"VCT","English",null,false
722,"VCT","French patois",null,false
723,"WSM","Samoan",null,true
724,"WSM","English",null,false
725,"SMR","Italian",null,false
726,"STP","Portuguese",98.4,true
727,"STP","Forro",36.2,false
728,"STP","Cabo",8.5,false
729,"STP","French",6.8,false
730,"STP","Angolar",6.6,false
731,"STP","English",4.9,false
732,"STP","Lunguie",1,false
733,"STP","Other",2.4,false
734,"SAU","Arabic",null,true
735,"SEN","French",null,true
736,"SEN","Wolof",null,false
737,"SEN","Pular",null,false
738,"SEN","Jola",null,false
739,"SEN","Mandinka",null,false
740,"SEN","Serer",null,false
741,"SEN","Soninke",null,false
742,"SYC","Seychellois",89.1,true
743,"SYC","English",5.1,true
744,"SYC","French",0.7,true
745,"SYC","Other",3.8,false
746,"SYC","unspecified",1.4,false
747,"SLE","English",null,true
748,"SLE","Mende",null,false
749,"SLE","Temne",null,false
750,"SLE","Krio",10,false
751,"SGP","Mandarin",36.3,true
752,"SGP","English",29.8,true
753,"SGP","Malay",11.9,true
754,"SGP","Hokkien",8.1,false
755,"SGP","Cantonese",4.1,false
756,"SGP","Tamil",3.2,true
757,"SGP","Teochew",3.2,false
758,"SGP","Other Indian",1.2,false
759,"SGP","Other Chinese",1.1,false
760,"SGP","Other",1.1,false
761,"SVK","Slovak",78.6,true
762,"SVK","Hungarian",9.4,false
763,"SVK","Roma",2.3,false
764,"SVK","Ruthenian",1,false
765,"SVK","Other",8.8,false
766,"SVN","Slovenian",91.1,true
767,"SVN","Serbo",4.5,false
768,"SVN","Other",4.4,false
769,"SVN","Italian",null,true
770,"SVN","Hungarian",null,true
771,"SLB","Melanesian pidgin",null,false
772,"SLB","English",1,true
773,"SLB","indigenous",null,false
774,"SOM","Somali",null,true
775,"SOM","Arabic",null,true
776,"SOM","Italian",null,false
777,"SOM","English",null,false
778,"ZAF","IsiZulu",22.7,true
779,"ZAF","IsiXhosa",16,true
780,"ZAF","Afrikaans",13.5,true
781,"ZAF","English",9.6,true
782,"ZAF","Sepedi",9.1,true
783,"ZAF","Setswana",8,true
784,"ZAF","Sesotho",7.6,true
785,"ZAF","Xitsonga",4.5,true
786,"ZAF","siSwati",2.5,true
787,"ZAF","Tshivenda",2.4,true
788,"ZAF","isiNdebele",2.1,true
789,"ZAF","sign",0.5,false
790,"ZAF","Other",1.6,false
791,"ESP","Castilian Spanish",74,true
792,"ESP","Catalan",17,true
793,"ESP","Galician",7,true
794,"ESP","Basque",2,true
795,"ESP","Aranese",null,true
796,"LKA","Sinhala",74,true
797,"LKA","Tamil",18,true
798,"LKA","Other",8,false
799,"SDN","Arabic",null,true
800,"SDN","English",null,true
801,"SDN","Nubian",null,false
802,"SDN","Ta Bedawie",null,false
803,"SDN","Fur",null,false
804,"SUR","Dutch",null,true
805,"SUR","English",null,false
806,"SUR","Sranang Tongo",null,false
807,"SUR","Caribbean Hindustani",null,false
808,"SUR","Javanese",null,false
809,"SWZ","English",null,true
810,"SWZ","siSwati",null,true
811,"SWE","Swedish",null,true
812,"CHE","German",63,true
813,"CHE","French",22.7,true
814,"CHE","Italian",8.1,true
815,"CHE","English",4.9,false
816,"CHE","Portuguese",3.7,false
817,"CHE","Albanian",3,false
818,"CHE","Serbo-Croatian",2.4,false
819,"CHE","Spanish",2.2,false
820,"CHE","Romansch",0.5,true
821,"CHE","Other",7.1,false
822,"SYR","Arabic",null,true
823,"SYR","Kurdish",null,false
824,"SYR","Armenian",null,false
825,"SYR","Aramaic",null,false
826,"SYR","Circassian",null,false
827,"SYR","French",null,false
828,"SYR","English",null,false
829,"TWN","Mandarin",null,true
830,"TWN","Taiwanese",null,false
831,"TWN","Hakka",null,false
832,"TJK","Tajik",null,true
833,"TJK","Russian",null,false
834,"TZA","Kiswahili",null,true
835,"TZA","English",null,true
836,"TZA","Arabic",null,false
837,"TZA","many",null,false
838,"THA","Thai",90.7,true
839,"THA","Burmese",1.3,false
840,"THA","Other",8,false
841,"TGO","French",null,true
842,"TGO","Ewe",null,false
843,"TGO","Kabye",null,false
844,"TGO","Mina",null,false
845,"TGO","Dagomba",null,false
846,"TKL","Tokelauan",88.1,false
847,"TKL","English",48.6,false
848,"TKL","Samoan",26.7,false
849,"TKL","Tuvaluan",11.2,false
850,"TKL","Kiribati",1.5,false
851,"TKL","Other",2.8,false
852,"TKL","none",2.8,false
853,"TKL","unspecified",0.8,false
854,"TON","Tongan",null,true
855,"TON","English",null,true
856,"TON","Other",1.1,false
857,"TON","unspecified",0.03,false
858,"TTO","English",null,true
859,"TTO","Caribbean Hindustani",null,false
860,"TTO","French",null,false
861,"TTO","Spanish",null,false
862,"TTO","Chinese",null,false
863,"TUN","Arabic",null,true
864,"TUN","French",null,false
865,"TUN","Berber",null,false
866,"TUR","Turkish",null,true
867,"TUR","Kurdish",null,false
868,"TUR","Other",null,false
869,"TKM","Turkmen",72,true
870,"TKM","Russian",12,false
871,"TKM","Uzbek",9,false
872,"TKM","Other",7,false
873,"TCA","English",null,true
874,"TUV","Tuvaluan",null,true
875,"TUV","English",null,true
876,"TUV","Samoan",null,false
877,"TUV","Kiribati",null,false
878,"UGA","English",null,true
879,"UGA","Ganda",null,false
880,"UGA","Other",null,false
881,"UGA","Nilo",null,false
882,"UGA","Swahili",null,false
883,"UGA","Arabic",null,false
884,"UKR","Ukrainian",67.5,true
885,"UKR","Russian",29.6,false
886,"UKR","Other",2.9,false
887,"ARE","Arabic",null,true
888,"ARE","Persian",null,false
889,"ARE","English",null,false
890,"ARE","Hindi",null,false
891,"ARE","Urdu",null,false
892,"GBR","English",null,false
893,"USA","English",79.2,false
894,"USA","Spanish",12.9,false
895,"USA","Other",8,false
896,"URY","Spanish",null,true
897,"URY","Portunol",null,false
898,"URY","Brazilero",null,false
899,"UZB","Uzbek",74.3,true
900,"UZB","Russian",14.2,false
901,"UZB","Tajik",4.4,false
902,"UZB","Other",7.1,false
903,"VUT","Tribal Languages",63.2,false
904,"VUT","Bislama",33.7,true
905,"VUT","English",2,true
906,"VUT","French",0.6,true
907,"VUT","Other",0.5,false
908,"VEN","Spanish",null,true
909,"VEN","indigenous",null,false
910,"VNM","Vietnamese",null,true
911,"VNM","English",null,false
912,"VNM","Other",null,false
913,"WLF","Wallisian",58.9,false
914,"WLF","Futunian",30.1,false
915,"WLF","French",10.8,true
916,"WLF","Other",0.2,false
917,"ESH","Standard",null,false
918,"ESH","Hassaniya",null,false
919,"ESH","Moroccan",null,false
920,"YEM","Arabic",null,true
921,"ZMB","Bembe",33.4,false
922,"ZMB","Nyanja",14.7,false
923,"ZMB","Tonga",11.4,false
924,"ZMB","Lozi",5.5,false
925,"ZMB","Chewa",4.5,false
926,"ZMB","Nsenga",2.9,false
927,"ZMB","Tumbuka",2.5,false
928,"ZMB","Lunda",1.9,false
929,"ZMB","Kaonde",1.8,false
930,"ZMB","Lala",1.8,false
931,"ZMB","Lamba",1.8,false
932,"ZMB","English",1.7,true
933,"ZMB","Luvale",1.5,false
934,"ZMB","Mambwe",1.3,false
935,"ZMB","Namwanga",1.2,false
936,"ZMB","Lenje",1.1,false
937,"ZMB","Bisa",1,false
938,"ZMB","Other",9.7,false
939,"ZMB","unspecified",0.2,false
940,"ZWE","Shona",null,true
941,"ZWE","Ndebele",null,true
942,"ZWE","English",null,true
943,"ZWE","Chewa",null,true
944,"ZWE","Chibarwe",null,true
945,"ZWE","Kalanga",null,true
946,"ZWE","Koisan",null,true
947,"ZWE","Nambya",null,true
948,"ZWE","Ndau",null,true
949,"ZWE","Shangani",null,true
950,"ZWE","sign",null,true
951,"ZWE","Sotho",null,true
952,"ZWE","Tonga",null,true
953,"ZWE","Tswana",null,true
954,"ZWE","Venda",null,true
955,"ZWE","Xhosa",null,true